City_ID,City,Lat,Lng,Max Temp,Humidity,Cloudiness,Wind Speed,Country,Date
0,hawaiian paradise park,19.5933,-154.9731,26.52,72,100,3.09,US,1707874061
1,papatowai,-46.5619,169.4708,21.27,55,0,0.8,NZ,1707874076
2,crane,31.3974,-102.3501,14.39,28,73,7.83,US,1707874344
3,ulladulla,-35.35,150.4667,17.67,90,100,5.46,AU,1707874346
4,port-aux-francais,-49.35,70.2167,8.08,89,100,8.8,TF,1707874063
5,blackmans bay,-43.0167,147.3167,17.51,43,17,1.79,AU,1707874063
6,rio grande,-32.035,-52.0986,17.75,63,100,5.25,BR,1707874136
7,zheleznodorozhnyy,55.7503,38.0042,-10.71,94,100,4.02,RU,1707874066
8,bethel,41.3712,-73.414,2.09,82,0,2.57,US,1707874063
9,klyuchi,52.2667,79.1667,-6.97,61,100,11.25,RU,1707874068
10,college,64.8569,-147.8028,7.18,64,75,5.14,US,1707873894
11,avarua,-21.2078,-159.775,30.03,62,20,5.66,CK,1707874083
12,lompoc,34.6391,-120.4579,15.43,79,0,5.66,US,1707874065
13,constantia,44.1833,28.65,6.5,82,100,5.26,RO,1707874086
14,kievka,50.2619,71.5514,-1.49,96,100,11.5,KZ,1707874390
15,kalmunai,7.4167,81.8167,25.54,86,74,4.88,LK,1707874098
16,lebu,-37.6167,-73.65,13.84,89,0,4.07,CL,1707874078
17,jalpan,21.2333,-99.4833,16.36,71,21,0.39,MX,1707874390
18,iqaluit,63.7506,-68.5145,-19.15,78,75,0.0,CA,1707874061
19,richards bay,-28.783,32.0377,20.79,89,7,3.5,ZA,1707874081
20,qusmuryn,52.4503,64.6311,-13.73,86,43,5.19,KZ,1707874391
21,pailitas,8.9565,-73.6255,27.48,59,100,1.61,CO,1707874391
22,akureyri,65.6835,-18.0878,-5.04,86,75,3.6,IS,1707874147
23,serra,-20.1286,-40.3078,26.7,78,0,4.12,BR,1707874391
24,wuchuan,21.4571,110.7659,20.88,74,100,5.92,CN,1707874391
25,wailua homesteads,22.0669,-159.378,25.44,73,0,8.23,US,1707874066
26,edinburgh of the seven seas,-37.0676,-12.3116,17.96,83,67,4.0,SH,1707874062
27,ust-nera,64.5667,143.2,-35.44,96,100,0.08,RU,1707874063
28,gornozavodsk,58.3758,58.3211,-35.39,100,25,0.98,RU,1707874391
29,bilibino,68.0546,166.4372,-34.06,98,100,0.46,RU,1707874077
30,greymouth,-42.4667,171.2,17.87,65,40,3.09,NZ,1707874065
31,afif,23.9065,42.9172,15.86,46,0,6.45,SA,1707874088
32,olonkinbyen,70.9221,-8.7187,-2.88,88,100,12.99,SJ,1707873924
33,yellowknife,62.456,-114.3525,-14.71,85,40,2.57,CA,1707874064
34,trinity beach,-16.7888,145.6968,32.78,76,100,3.6,AU,1707874391
35,ingeniero jacobacci,-41.3427,-69.5448,20.7,36,78,7.12,AR,1707874368
36,saint-joseph,-21.3667,55.6167,25.21,87,100,3.75,RE,1707874141
37,invercargill,-46.4,168.35,25.01,43,0,8.05,NZ,1707874029
38,al jawf,29.5,38.75,14.23,40,5,4.59,SA,1707874099
39,hamilton,39.1834,-84.5333,8.69,50,100,5.66,US,1707874069
40,batticaloa,7.7102,81.6924,26.67,82,90,6.04,LK,1707874363
41,punta cana,18.5818,-68.4043,25.87,78,20,0.0,DO,1707874392
42,puerto natales,-51.7236,-72.4875,10.31,98,100,0.94,CL,1707874061
43,adamstown,-25.066,-130.1015,25.04,84,100,6.78,PN,1707874062
44,albany,42.6001,-73.9662,1.79,59,19,1.34,US,1707874062
45,tiksi,71.6872,128.8694,-24.28,99,100,2.08,RU,1707874067
46,kodiak,57.79,-152.4072,3.73,93,100,11.83,US,1707874075
47,nemuro,43.3236,145.575,2.82,82,13,5.38,JP,1707874078
48,ushuaia,-54.8,-68.3,10.81,58,0,9.26,AR,1707874061
49,mbekenyera,-10.0,38.9833,21.84,97,100,1.64,TZ,1707874392
50,coahuayana de hidalgo,18.7,-103.6583,22.58,89,78,0.72,MX,1707874363
51,waitangi,-43.9535,-176.5597,18.23,78,5,3.3,NZ,1707874066
52,monsefu,-6.8781,-79.8722,26.11,73,0,8.23,PE,1707874392
53,gondar,12.6,37.4667,15.06,22,7,2.05,ET,1707874392
54,dire,12.2833,-10.9667,27.25,12,94,1.32,ML,1707874392
55,atafu village,-8.5421,-172.5159,27.98,83,100,9.73,TK,1707874065
56,margaret river,-33.95,115.0667,20.08,50,49,3.58,AU,1707874062
57,snyder,32.7179,-100.9176,14.44,35,0,4.12,US,1707874157
58,kupino,54.3663,77.2981,-5.2,95,100,9.37,RU,1707874392
59,sokode,8.9833,1.1333,25.12,16,1,1.1,TG,1707874392
60,vilyuchinsk,52.9306,158.4028,-13.85,66,32,1.44,RU,1707874081
61,gorontalo,0.5412,123.0595,28.56,73,100,1.51,ID,1707874393
62,simanggang,1.2472,111.4528,25.99,94,40,0.0,MY,1707874162
63,avellaneda,-29.1176,-59.6583,19.33,71,36,3.24,AR,1707874124
64,longyearbyen,78.2186,15.6401,-3.09,74,40,11.32,SJ,1707874068
65,arrifes,37.7667,-25.7,13.14,94,75,5.14,PT,1707874393
66,minas de marcona,-15.2119,-75.1103,19.84,84,80,5.08,PE,1707874072
67,kandyagash,49.4744,57.4233,0.56,99,100,1.99,KZ,1707874393
68,whitehorse,60.7161,-135.0538,-4.57,73,75,6.71,CA,1707874072
69,key west,24.5557,-81.7826,19.0,85,0,7.2,US,1707874291
70,grytviken,-54.2811,-36.5092,5.87,95,100,3.04,GS,1707874061
71,dumai,1.6833,101.45,28.91,67,21,3.42,ID,1707874393
72,neryungri,56.6709,124.6491,-22.8,95,100,0.99,RU,1707874358
73,nar'yan-mar,67.6713,53.087,-29.38,98,6,3.58,RU,1707874061
74,codrington,-38.2667,141.9667,17.55,40,0,5.15,AU,1707874071
75,hermanus,-34.4187,19.2345,14.89,88,34,1.88,ZA,1707874073
76,ancud,-41.8697,-73.8203,13.82,76,0,0.57,CL,1707874099
77,bougouni,11.417,-7.479,25.39,11,0,1.39,ML,1707874393
78,st. john's,47.5649,-52.7093,-0.68,87,100,1.03,CA,1707874075
79,l'vovskiy,55.3142,37.5158,-9.5,92,100,4.49,RU,1707874393
80,lake munmorah,-33.1936,151.5719,34.33,48,1,0.45,AU,1707874394
81,hithadhoo,-0.6,73.0833,28.14,80,96,6.08,MV,1707874064
82,dapa,9.7594,126.0531,27.59,73,19,6.77,PH,1707874274
83,hirara,24.8,125.2833,19.92,94,75,1.54,JP,1707874394
84,coutances,49.05,-1.4333,11.3,94,100,6.37,FR,1707874394
85,fortuna,40.5982,-124.1573,12.51,86,100,0.0,US,1707874270
86,luderitz,-26.6481,15.1594,18.14,70,56,7.98,NA,1707874069
87,la manga del mar menor,37.6413,-0.7165,15.23,77,91,0.51,ES,1707874094
88,vilyuysk,63.7553,121.6247,-42.78,100,77,1.34,RU,1707874258
89,oytal,42.9057,73.2697,2.44,75,100,2.25,KZ,1707874394
90,puerto ayora,-0.7393,-90.3518,27.53,96,100,1.34,EC,1707874064
91,polyarnyy,69.1989,33.4478,-18.04,97,94,7.35,RU,1707874070
92,tolanaro,-25.0319,46.9987,25.04,94,40,6.17,MG,1707874089
93,hengshui,37.7322,115.7011,11.75,41,14,4.99,CN,1707874394
94,pangai,-19.8,-174.35,30.06,66,75,7.2,TO,1707874274
95,dudinka,69.4058,86.1778,-37.4,99,25,1.79,RU,1707874067
96,torghay,49.6339,63.4981,1.04,91,99,6.33,KZ,1707874395
97,colonia,50.9333,6.95,10.03,74,75,4.12,DE,1707873893
98,la passe,45.5549,-0.8967,9.43,86,19,3.53,FR,1707874068
99,nadym,65.5333,72.5167,-35.29,93,6,4.39,RU,1707874065
100,saint-philippe,-21.3585,55.7679,25.77,89,97,3.83,RE,1707874239
101,arraial do cabo,-22.9661,-42.0278,25.77,86,100,6.99,BR,1707874062
102,fuyang,32.9,115.8167,16.5,61,100,2.75,CN,1707874395
103,sisimiut,66.9395,-53.6735,-20.96,71,9,4.99,GL,1707874143
104,turkmenbasy,40.0222,52.9552,15.43,38,0,2.06,TM,1707874395
105,isangel,-19.55,169.2667,28.91,81,23,8.76,VU,1707874101
106,mount gambier,-37.8333,140.7667,18.61,36,0,3.62,AU,1707874135
107,ponorogo,-7.8685,111.462,29.19,75,38,0.86,ID,1707874395
108,usinsk,65.9939,57.5281,-29.4,98,5,1.79,RU,1707874163
109,zyryanovsk,49.7386,84.2719,-23.99,98,100,0.63,KZ,1707874395
110,queenstown,-31.8976,26.8753,15.57,89,6,0.9,ZA,1707874093
111,stanley,54.868,-1.6985,5.44,95,100,1.19,GB,1707874074
112,udachny,66.4167,112.4,-35.31,66,100,2.32,RU,1707874070
113,badger,64.8,-147.5333,7.14,62,75,5.14,US,1707874072
114,jiwani,25.05,61.7417,20.69,73,0,3.55,PK,1707874395
115,nikolayevsk-on-amure,53.1406,140.73,-15.63,83,100,1.66,RU,1707874136
116,greenville,35.6127,-77.3663,10.01,49,0,0.0,US,1707873873
117,askoy,60.4092,5.226,3.75,98,100,6.83,NO,1707874396
118,lyubim,58.3625,40.6843,-26.64,99,37,2.06,RU,1707874396
119,kingston,17.997,-76.7936,27.53,85,40,6.17,JM,1707873868
120,fort bragg,35.139,-79.006,10.75,42,0,1.54,US,1707874078
121,thompson,55.7435,-97.8558,-5.91,100,100,1.03,CA,1707874067
122,port macquarie,-31.4333,152.9167,31.61,56,0,4.84,AU,1707874305
123,banda aceh,5.5577,95.3222,26.24,80,34,6.12,ID,1707874129
124,krasnokamensk,50.0979,118.0369,-18.25,80,11,3.27,RU,1707874396
125,chibougamau,49.9168,-74.3659,-15.21,85,100,3.09,CA,1707874062
126,palmer,42.1584,-72.3287,-0.77,83,40,1.54,US,1707874100
127,caleta de carquin,-11.0925,-77.6267,24.76,80,76,4.15,PE,1707874358
128,natchitoches,31.7668,-93.1335,8.47,76,0,0.0,US,1707874396
129,pagar alam,-4.0167,103.2667,23.04,93,96,0.4,ID,1707874356
130,tsaratanana,-16.7833,47.65,23.54,94,100,1.65,MG,1707874396
131,gore,-46.1028,168.9436,26.3,30,0,5.01,NZ,1707874396
132,vadso,70.0744,29.7487,-11.91,72,40,11.83,NO,1707874092
133,montecanal,41.6297,-0.9387,14.17,78,0,0.51,ES,1707874396
134,bredasdorp,-34.5322,20.0403,17.26,89,19,2.1,ZA,1707874063
135,ribeira grande,38.5167,-28.7,15.99,72,0,9.83,PT,1707874069
136,labasa,-16.4167,179.3833,29.62,79,89,2.49,FJ,1707874397
137,san patricio,28.017,-97.5169,16.92,53,100,4.46,US,1707874078
138,haeju,38.0406,125.7147,7.34,94,100,2.33,KP,1707874397
139,vorkuta,67.5,64.0,-30.99,99,6,2.81,RU,1707874086
140,asau,46.4333,26.4,3.51,97,100,1.47,RO,1707874131
141,pacocha,-17.5833,-71.3333,22.54,83,98,1.17,PE,1707874397
142,sinabang,2.4803,96.3801,28.06,74,60,0.72,ID,1707874068
143,karratha,-20.7377,116.8463,28.67,71,74,3.72,AU,1707874094
144,kholmsk,47.0511,142.0569,-3.99,86,100,7.1,RU,1707874397
145,anadyr,64.75,177.4833,-25.56,75,75,5.0,RU,1707874064
146,harstad,68.799,16.5293,-1.58,64,96,5.17,NO,1707874358
147,brigantine,39.4101,-74.3646,3.34,78,0,3.6,US,1707874101
148,papao,-17.75,-149.55,27.82,85,100,14.67,PF,1707874102
149,rikaze,29.25,88.8833,-2.96,49,40,0.76,CN,1707874102
150,uturoa,-16.7333,-151.4333,27.24,82,100,12.36,PF,1707874091
151,sanctuary point,-35.1114,150.629,22.21,85,100,6.19,AU,1707874370
152,tangalle,6.024,80.7911,25.09,86,100,4.64,LK,1707874077
153,iskateley,67.6803,53.1512,-29.43,98,6,3.58,RU,1707874075
154,manokwari,-0.8667,134.0833,27.99,69,100,3.14,ID,1707874072
155,south molton,51.0167,-3.8333,12.69,95,100,5.88,GB,1707874397
156,chonchi,-42.6128,-73.8092,15.56,67,1,1.23,CL,1707874073
157,yefremov,53.1481,38.0992,-5.38,95,100,5.45,RU,1707874397
158,la ronge,55.1001,-105.2842,-11.86,72,75,6.17,CA,1707874160
159,yoro,15.1333,-87.1333,20.09,97,70,1.54,HN,1707874398
160,northam,51.0333,-4.2167,12.36,98,100,8.03,GB,1707874063
161,walvis bay,-22.9575,14.5053,17.53,88,12,3.09,NA,1707874068
162,saldanha,-33.0117,17.9442,16.03,92,100,4.0,ZA,1707874071
163,lihue,21.9789,-159.3672,25.77,72,0,8.23,US,1707874065
164,pyapon,16.2833,95.6833,26.19,40,2,1.57,MM,1707874398
165,ati,13.2154,18.3353,20.63,12,0,3.67,TD,1707874250
166,licheng,23.2955,113.8284,21.57,66,3,2.0,CN,1707874398
167,vila franca do campo,37.7167,-25.4333,14.23,95,100,4.21,PT,1707874064
168,cabo san lucas,22.8909,-109.9124,20.98,55,100,3.09,MX,1707873874
169,kamaishi,39.2667,141.8833,11.78,69,22,5.7,JP,1707874156
170,baiti,13.745,-14.7482,28.88,10,88,3.7,SN,1707874165
171,sitka,57.0531,-135.33,5.94,65,0,2.57,US,1707874062
172,carupano,10.6678,-63.2585,24.52,90,61,4.35,VE,1707874398
173,port alfred,-33.5906,26.891,20.1,93,100,1.34,ZA,1707874077
174,chardara,41.2547,67.9692,9.73,57,19,3.88,KZ,1707874398
175,tangshan,39.6333,118.1833,5.49,43,89,5.67,CN,1707874398
176,fort st. john,56.2499,-120.8529,-2.06,43,75,2.06,CA,1707874083
177,petropavlovsk-kamchatsky,53.0452,158.6483,-14.67,62,75,3.0,RU,1707873768
178,lautoka,-17.6167,177.4667,30.92,79,40,2.57,FJ,1707874398
179,hammerfest,70.6634,23.6821,-6.75,58,40,7.72,NO,1707874163
180,haiku-pauwela,20.9219,-156.3051,25.01,77,40,4.12,US,1707874063
181,port mathurin,-19.6833,63.4167,27.28,81,100,8.21,MU,1707874061
182,howrah,22.5892,88.3103,18.0,88,40,0.0,IN,1707874080
183,isafjordur,66.0755,-23.124,-4.48,79,70,4.55,IS,1707874061
184,mount isa,-20.7333,139.5,29.87,66,75,4.12,AU,1707874097
185,rongelap,11.1635,166.8941,26.29,69,100,7.18,MH,1707874092
186,port moresby,-9.4431,147.1797,31.68,58,75,7.72,PG,1707874325
187,xam nua,20.4197,104.0439,17.07,70,46,0.59,LA,1707874149
188,georgetown,5.4112,100.3354,27.96,77,20,3.6,MY,1707874073
189,west island,-12.1568,96.8225,28.99,70,40,4.63,CC,1707874064
190,ilulissat,69.2167,-51.1,-22.99,49,0,0.51,GL,1707874079
191,mandalgovi,45.7625,106.2708,-16.82,71,86,3.37,MN,1707874357
192,kitale,1.0157,35.0062,14.84,78,46,0.81,KE,1707874399
193,acarau,-2.8856,-40.12,26.71,82,100,3.8,BR,1707874103
194,kelibia,36.8476,11.0939,12.14,87,40,1.54,TN,1707874399
195,kolyvan',55.3053,82.7391,-9.21,81,100,9.09,RU,1707874273
196,lala,7.9745,123.7458,31.44,52,48,3.55,PH,1707874399
197,tura,25.5198,90.2201,15.66,40,11,1.46,IN,1707874002
198,tual,-5.6667,132.75,28.55,76,84,7.0,ID,1707874093
199,balaipungut,1.05,101.2833,26.69,88,81,2.11,ID,1707874400
200,lazaro cardenas,17.9583,-102.2,24.32,74,39,1.37,MX,1707874047
201,sandnessjoen,66.0217,12.6316,-6.71,85,100,12.43,NO,1707874153
202,kavieng,-2.5744,150.7967,28.64,77,70,4.36,PG,1707874152
203,mazatlan,23.2167,-106.4167,20.98,79,100,3.6,MX,1707874400
204,stephenville,32.2207,-98.2023,14.07,51,0,1.54,US,1707874400
205,calhoun,42.2506,-85.0005,0.9,40,100,3.09,US,1707874108
206,north platte,41.1239,-100.7654,6.66,47,0,1.79,US,1707874400
207,errachidia,31.9275,-4.4285,15.03,29,0,1.03,MA,1707874400
208,takum,7.2667,9.9833,24.94,16,98,0.5,NG,1707874400
209,montepuez,-13.1256,38.9997,20.69,99,100,1.18,MZ,1707874147
210,kirakira,-10.4544,161.9205,30.29,68,100,3.65,SB,1707874144
211,la sarre,48.8002,-79.1996,-14.21,91,100,3.96,CA,1707874269
212,cascais,38.6979,-9.4215,16.64,98,100,9.83,PT,1707874400
213,faya-largeau,17.9257,19.1043,20.5,21,0,7.0,TD,1707874368
214,shizuishan,39.2333,106.7694,0.49,14,100,7.67,CN,1707874400
215,riviere-du-loup,47.8304,-69.5342,-5.51,68,95,5.66,CA,1707874400
216,ubari,26.5921,12.7805,12.64,42,0,3.87,LY,1707874095
217,ciudad bolivar,8.1222,-63.5497,30.17,50,100,6.05,VE,1707874352
218,khandyga,62.6667,135.6,-33.17,98,100,0.8,RU,1707874079
219,castillos,-34.1667,-53.8333,15.55,68,9,3.06,UY,1707874071
220,kargasok,59.0556,80.8572,-13.35,95,100,6.26,RU,1707874401
221,tandil,-37.3217,-59.1332,12.6,77,0,2.7,AR,1707874401
222,port elizabeth,-33.918,25.5701,20.17,95,100,6.69,ZA,1707874075
223,al bardiyah,31.7561,25.0865,12.73,77,20,5.88,LY,1707874401
224,sidareja,-7.4846,108.7923,29.46,76,87,0.11,ID,1707874401
225,antonio enes,-16.2325,39.9086,24.46,92,100,3.71,MZ,1707874401
226,pathein,16.7833,94.7333,25.73,38,0,2.48,MM,1707874285
227,lubao,14.9167,120.55,29.04,58,46,6.04,PH,1707874401
228,afaahiti,-17.75,-149.2833,26.93,88,100,12.6,PF,1707874075
229,tazovsky,67.4667,78.7,-38.7,100,38,2.34,RU,1707874062
230,zaozersk,69.4005,32.4476,-18.93,93,98,3.93,RU,1707874277
231,rodna,47.4167,24.8167,2.99,87,100,1.98,RO,1707874401
232,susuman,62.7833,148.1667,-41.12,99,95,0.45,RU,1707874130
233,santa maria del oro,25.9333,-105.3667,13.55,13,100,4.12,MX,1707874401
234,igarka,67.4667,86.5833,-36.4,94,7,2.44,RU,1707874265
235,tulnici,45.9167,26.6667,3.49,97,100,2.22,RO,1707874402
236,tshikapa,-6.4167,20.8,22.36,95,100,0.26,CD,1707874142
237,ulsteinvik,62.3432,5.8487,6.5,73,44,6.36,NO,1707874159
238,ta`u,-14.2336,-169.5144,27.1,88,100,8.43,AS,1707874071
239,luoyang,34.6836,112.4536,14.17,53,95,3.63,CN,1707874402
240,pisco,-13.7,-76.2167,24.03,83,0,7.72,PE,1707874065
241,odienne,9.51,-7.5692,25.95,13,0,0.68,CI,1707874402
242,makokou,0.5738,12.8642,23.55,84,83,1.61,GA,1707874243
243,augusto correa,-1.0217,-46.635,23.85,98,100,1.02,BR,1707874402
244,soio,-6.1349,12.3689,25.14,93,100,2.9,AO,1707874277
245,mogadishu,2.0371,45.3438,25.8,89,12,5.95,SO,1707874350
246,tetyushi,54.9382,48.8366,-26.41,99,71,2.58,RU,1707874402
247,oltinko'l,40.8011,72.1634,7.28,49,100,2.19,UZ,1707874402
248,phon charoen,18.0333,103.1667,23.77,47,93,2.17,TH,1707874402
249,watsa,3.0372,29.5355,19.82,75,49,1.17,CD,1707874402
250,sen monorom,12.45,107.2,25.32,58,59,1.52,KH,1707874402
251,punta arenas,-53.15,-70.9167,13.06,62,75,5.66,CL,1707873959
252,keflavik,64.0049,-22.5624,-2.76,86,0,1.54,IS,1707874081
253,les sables-d'olonne,46.6667,-1.8333,12.44,95,85,5.54,FR,1707874403
254,deridder,30.8463,-93.289,10.21,81,0,0.0,US,1707874403
255,remire-montjoly,4.9167,-52.2667,27.02,89,75,2.57,GF,1707874092
256,tahla,34.0485,-4.428,16.8,49,100,2.55,MA,1707874403
257,calama,-22.4667,-68.9333,19.27,48,0,8.75,CL,1707874207
258,mankapur,27.0333,82.2333,16.29,40,100,0.98,IN,1707874403
259,kuraymah,18.55,31.85,19.56,10,0,2.7,SD,1707874345
260,senanga,-16.1167,23.2667,20.86,64,34,1.6,ZM,1707874403
261,holualoa,19.6228,-155.9522,24.91,72,40,5.14,US,1707874081
262,qaqortoq,60.7167,-46.0333,-0.24,99,100,2.8,GL,1707874074
263,kiama,-34.6833,150.8667,25.77,77,72,7.92,AU,1707874403
264,kaa-khem,51.6833,94.7333,-22.0,86,100,1.15,RU,1707874261
265,phan rang-thap cham,11.5667,108.9833,26.21,68,26,3.58,VN,1707874146
266,sao vicente,-23.9631,-46.3919,26.1,79,100,1.3,BR,1707874064
267,la gi,10.6667,107.7833,28.04,63,17,6.31,VN,1707874403
268,i-n-salah,27.1935,2.4607,19.81,39,0,5.39,DZ,1707874090
269,axim,4.8699,-2.2405,27.52,90,8,3.02,GH,1707874077
270,fale old settlement,-9.3852,-171.2468,28.73,79,100,11.16,TK,1707874100
271,alofi,-19.0595,-169.9187,28.94,70,75,7.2,NU,1707874080
272,naze,28.3667,129.4833,20.51,64,8,9.4,JP,1707874092
273,jamestown,42.097,-79.2353,-0.23,79,100,6.17,US,1707873851
274,port augusta,-32.5,137.7667,23.84,33,0,7.17,AU,1707874354
275,kenai,60.5544,-151.2583,6.05,56,75,5.14,US,1707874350
276,mirriah,13.7073,9.1501,19.88,23,2,4.64,NE,1707874404
277,kilindoni,-7.9139,39.6668,27.88,78,52,4.67,TZ,1707874040
278,aswan,24.0934,32.907,16.61,20,0,3.6,EG,1707874154
279,eqbaliyeh,35.3022,51.5358,12.9,32,100,1.05,IR,1707874404
280,cannonvale,-20.2833,148.7,27.66,78,49,4.16,AU,1707874157
281,bahau,2.8079,102.4049,26.88,78,34,3.18,MY,1707874209
282,porto novo,6.4965,2.6036,26.64,91,1,2.79,BJ,1707874094
283,ghanzi,-21.5667,21.7833,23.68,35,11,3.92,BW,1707874068
284,bela vista de goias,-16.9728,-48.9533,22.64,76,36,2.45,BR,1707874404
285,lauro de freitas,-12.8944,-38.3272,28.01,83,40,2.57,BR,1707874164
286,hasaki,35.7333,140.8333,14.05,40,0,2.14,JP,1707874068
287,quellon,-43.1167,-73.6167,12.19,68,2,3.57,CL,1707874095
288,port saint john's,-31.6229,29.5448,22.6,90,65,1.96,ZA,1707874098
289,san antonio de pale,-1.4014,5.6325,28.5,80,100,2.52,GQ,1707874090
290,barra de santo antonio,-9.4047,-35.5072,26.6,82,85,1.84,BR,1707874404
291,saipan,15.1355,145.701,28.39,65,75,10.29,MP,1707874065
292,arboletes,8.8505,-76.4269,27.01,83,98,4.77,CO,1707874405
293,myeik,12.4333,98.6,23.82,60,19,1.87,MM,1707874078
294,gizo,-8.103,156.8419,28.6,75,12,4.69,SB,1707873921
295,kismayo,-0.3582,42.5454,26.13,84,41,7.11,SO,1707874262
296,mirpur sakro,24.5474,67.6277,17.98,46,0,2.49,PK,1707874405
297,enewetak,11.3474,162.3373,26.2,78,100,6.97,MH,1707874064
298,tortosa,40.8125,0.5216,14.03,74,48,1.58,ES,1707874296
299,vorgashor,67.5833,63.95,-29.78,98,6,3.4,RU,1707874067
300,amurzet,47.6967,131.0981,-7.98,77,54,4.36,RU,1707874405
301,xai-xai,-25.0519,33.6442,21.4,85,1,0.72,MZ,1707874346
302,presidente medici,-11.1753,-61.9014,22.91,95,100,1.07,BR,1707874359
303,yerofey pavlovich,53.9667,121.9667,-16.01,92,100,0.32,RU,1707874153
304,tadine,-21.55,167.8833,27.57,78,35,9.28,NC,1707874357
305,yangambi,0.8102,24.4336,22.48,85,100,1.19,CD,1707874405
306,kapoeta,4.7717,33.5903,30.41,35,90,7.44,SS,1707874359
307,kamina,-8.7386,24.9906,19.2,94,100,1.2,CD,1707874405
308,guerrero negro,27.9769,-114.0611,16.15,55,6,6.69,MX,1707874092
309,kununurra,-15.7667,128.7333,27.99,83,40,2.06,AU,1707874405
310,carnarvon,-24.8667,113.6333,30.45,48,0,5.72,AU,1707874081
311,gebeit,21.0667,36.3167,17.3,46,0,1.1,SD,1707874161
312,fort stockton,30.894,-102.8793,17.03,17,0,5.14,US,1707874405
313,lichinga,-13.3128,35.2406,18.05,100,75,6.17,MZ,1707874138
314,puerto colombia,10.9878,-74.9547,28.05,88,98,8.72,CO,1707874405
315,kushnarenkovo,55.105,55.3508,-25.55,100,68,2.24,RU,1707874406
316,weno,7.4515,151.8468,29.97,66,20,6.17,FM,1707874094
317,akbarabad,29.2464,52.7793,3.79,52,0,1.17,IR,1707874406
318,ambon,-3.6954,128.1814,30.08,70,40,2.57,ID,1707873796
319,mejit,10.2753,170.8646,26.34,77,100,8.91,MH,1707874138
320,talnakh,69.4865,88.3972,-33.65,91,31,1.91,RU,1707874061
321,clinton,42.587,-82.9199,1.64,77,100,3.09,US,1707874255
322,east london,-33.0153,27.9116,20.14,85,8,4.98,ZA,1707874064
323,ariquemes,-9.9133,-63.0408,23.13,99,93,0.96,BR,1707874406
324,tazacorte,28.629,-17.9293,17.86,71,0,1.54,ES,1707874162
325,great falls,47.5002,-111.3008,-4.75,92,100,2.06,US,1707874124
326,lerwick,60.1545,-1.1494,6.0,78,55,5.1,GB,1707874157
327,sorong,-0.8833,131.25,29.22,69,75,7.02,ID,1707874369
328,elele,5.1009,6.8141,27.13,84,100,1.89,NG,1707874406
329,geraldton,-28.7667,114.6,35.23,21,0,8.23,AU,1707874069
330,inhambane,-23.865,35.3833,23.97,82,59,2.66,MZ,1707874137
331,prince rupert,54.3161,-130.3201,6.83,81,0,4.63,CA,1707874071
332,new norfolk,-42.7826,147.0587,18.17,29,9,3.94,AU,1707874080
333,duque de caxias,-22.7856,-43.3117,29.94,61,20,5.14,BR,1707874406
334,island harbour,50.724,-1.2758,12.31,95,100,4.47,GB,1707874215
335,qamdo,31.1667,97.2333,-7.08,49,100,2.08,CN,1707874100
336,ola,59.5833,151.2833,-23.24,85,100,2.41,RU,1707874099
337,westport,41.1415,-73.3579,2.9,80,0,2.68,US,1707874063
338,orsa,54.5153,30.4053,-0.75,98,100,2.67,BY,1707874407
339,cape girardeau,37.3834,-89.7168,7.77,77,6,3.6,US,1707874407
340,khorramabad,33.4878,48.3558,2.79,75,0,2.06,IR,1707874407
341,eenhana,-17.4667,16.3333,23.72,57,85,1.41,NA,1707874407
342,nizhniy odes,63.6445,54.856,-38.33,99,20,1.81,RU,1707874269
343,padang,-0.9492,100.3543,30.03,76,9,1.75,ID,1707874078
344,pratapgarh,24.0333,74.7833,15.83,57,29,3.15,IN,1707874407
345,kichmengskiy gorodok,59.9816,45.7854,-29.47,100,54,1.34,RU,1707874407
346,abong mbang,3.9833,13.1833,20.26,42,100,1.26,CM,1707874407
347,si bun rueang,16.9667,102.2833,26.2,38,42,1.15,TH,1707874407
348,namibe,-15.1961,12.1522,26.89,76,100,3.46,AO,1707874080
349,parauapebas,-6.0675,-49.9022,23.36,98,100,0.84,BR,1707874067
350,cadale,2.7603,46.3222,25.95,87,99,6.64,SO,1707874102
351,montecristi,-1.05,-80.6667,26.9,78,20,5.14,EC,1707874407
352,paita,-5.0892,-81.1144,26.77,75,83,7.31,PE,1707874164
353,pitkyaranta,61.5734,31.4792,-15.27,88,8,5.84,RU,1707874408
354,pokhara,28.2333,83.9833,13.99,20,100,2.12,NP,1707873961
355,kuta,-8.7233,115.1723,30.0,79,20,2.24,ID,1707874408
356,brisas de zicatela,15.8369,-97.0419,27.29,78,0,1.03,MX,1707874408
357,la mure,44.9026,5.7866,1.08,62,16,1.33,FR,1707874408
358,bengkulu,-3.8004,102.2655,25.71,89,98,2.1,ID,1707874097
359,nova odesa,47.3078,31.7851,6.72,96,100,1.81,UA,1707874408
360,flying fish cove,-10.4217,105.6791,27.82,78,15,2.06,CX,1707874135
361,antofagasta,-23.65,-70.4,21.6,86,23,1.77,CL,1707874154
362,fangshan,39.6983,115.9925,9.62,36,86,3.39,CN,1707874408
363,shanga,11.2106,4.5788,25.69,10,0,2.26,NG,1707874408
364,plesetsk,62.708,40.2916,-32.14,100,5,1.49,RU,1707874161
365,kapa'a,22.0752,-159.319,26.18,72,0,8.23,US,1707874069
366,kapuskasing,49.4169,-82.4331,-14.0,72,75,2.57,CA,1707874081
367,rumonge,-3.9736,29.4386,22.19,86,99,1.19,BI,1707874408
368,zambezi,-13.5432,23.1047,19.57,79,19,1.88,ZM,1707874409
369,mutare,-18.9707,32.6709,13.86,89,0,1.1,ZW,1707874409
370,starovelichkovskaya,45.4288,38.7326,11.71,66,95,2.21,RU,1707874409
371,mahina,-17.5065,-149.489,27.87,89,75,5.14,PF,1707873802
372,ar ruways,24.1103,52.7306,19.07,85,0,2.13,AE,1707874155
373,novodvinsk,64.4165,40.8122,-32.9,100,7,1.19,RU,1707874409
374,utrik,11.2278,169.8474,26.26,73,100,7.65,MH,1707874078
375,moroni,-11.7022,43.2551,26.67,84,16,3.01,KM,1707874409
376,shohimardon,39.9839,71.8028,-1.57,47,100,2.33,UZ,1707874409
377,yamada,39.4667,141.95,13.3,60,12,5.66,JP,1707874409
378,ostroleka,53.0862,21.5757,1.63,86,67,2.36,PL,1707874409
379,cumana,10.4635,-64.1775,25.68,83,89,4.79,VE,1707874409
380,camana,-16.6228,-72.7111,24.0,84,89,2.53,PE,1707873884
381,nevel'sk,46.6733,141.8633,-2.41,84,99,8.19,RU,1707874151
382,mount pearl,47.5166,-52.7813,-1.14,87,100,1.03,CA,1707874283
383,kruisfontein,-34.0033,24.7314,16.6,91,72,4.39,ZA,1707874159
384,kikvidze,50.7416,43.0518,0.24,96,100,5.43,RU,1707874410
385,dongola,19.1667,30.4833,19.19,12,0,1.95,SD,1707874410
386,tartagal,-22.5164,-63.8013,19.79,89,100,0.97,AR,1707874192
387,gimbi,9.1667,35.8333,16.17,40,100,0.8,ET,1707874410
388,saint-francois,46.4154,3.9054,8.14,94,100,1.03,FR,1707874257
389,shiguai,40.7058,110.2856,-3.92,60,100,2.97,CN,1707874410
390,veselynove,47.3567,31.2349,7.86,96,100,1.87,UA,1707874410
391,bikenibeu village,1.3673,173.1241,30.98,79,75,3.09,KI,1707874089
392,santiago del estero,-27.7951,-64.2615,21.96,45,100,3.1,AR,1707874410
393,pangody,65.85,74.4859,-35.03,92,5,4.39,RU,1707874074
394,tres arroyos,-38.3739,-60.2798,12.65,62,5,3.3,AR,1707874150
395,iwanai,42.9744,140.5089,6.25,78,74,4.48,JP,1707874410
396,targuist,34.9377,-4.3186,13.58,62,100,1.22,MA,1707874411
397,paraisopolis,-22.5542,-45.78,20.58,94,100,0.26,BR,1707874411
398,alesund,62.4723,6.1549,6.51,56,75,5.14,NO,1707874266
399,malanje,-9.5402,16.341,18.38,97,100,0.37,AO,1707874411
400,leava,-14.3,-178.1667,28.96,80,99,6.33,WF,1707874151
401,ko lanta,7.5336,99.0865,27.38,75,9,7.62,TH,1707874411
402,tamanrasset,22.785,5.5228,14.95,20,0,3.09,DZ,1707874145
403,piacabucu,-10.4056,-36.4344,26.16,84,100,2.45,BR,1707874338
404,mana,5.6592,-53.7767,26.02,85,83,4.61,GF,1707874069
405,luwuk,-0.9516,122.7875,30.56,66,100,1.17,ID,1707874411
406,nantucket,41.2835,-70.0995,1.08,75,40,8.75,US,1707874141
407,amga,60.8953,131.9608,-25.19,89,100,3.3,RU,1707874359
408,wanning,18.8003,110.3967,22.45,73,69,1.82,CN,1707874269
409,uzgen,40.7699,73.3007,3.16,50,100,2.42,KG,1707874411
410,pandan,14.0453,124.1694,25.69,85,53,7.28,PH,1707874096
411,howard springs,-12.497,131.047,26.04,91,99,4.0,AU,1707874341
412,nizao,18.25,-70.2,26.37,79,4,2.2,DO,1707874411
413,charters towers,-20.1,146.2667,32.39,45,33,3.68,AU,1707874271
414,lata,40.1629,-8.3327,16.62,95,100,1.63,PT,1707874135
415,shimoda,34.6667,138.95,16.72,57,0,9.42,JP,1707874412
416,verkhnevilyuysk,63.4453,120.3167,-35.14,97,89,2.11,RU,1707874412
417,lodja,-3.4833,23.4333,21.22,97,100,0.47,CD,1707874412
418,tashtyp,52.7939,89.8983,-13.91,91,100,0.88,RU,1707874412
419,qarqaraly,49.4058,75.4742,-8.6,86,100,7.76,KZ,1707874412
420,fort-shevchenko,44.5086,50.263,9.41,58,100,4.75,KZ,1707874070
421,shingu,33.7333,135.9833,16.67,62,32,3.08,JP,1707874134
422,grande prairie,55.1667,-118.8027,-3.9,58,20,2.57,CA,1707874101
423,motygino,58.1831,94.7592,-19.01,100,100,1.34,RU,1707874412
424,alice springs,-23.7,133.8833,36.79,21,0,5.14,AU,1707874076
425,ulanhot,46.0833,122.0833,-6.74,34,2,7.44,CN,1707874371
426,puerto armuelles,8.2833,-82.8667,29.99,75,100,0.45,PA,1707874278
427,zheleznogorsk,52.331,35.3711,0.98,99,100,4.21,RU,1707874085
428,mendi,-6.1761,143.6513,15.69,92,100,0.55,PG,1707874412
429,luanda,-8.8368,13.2343,29.0,84,75,3.09,AO,1707874121
430,richfield,44.8833,-93.283,-0.03,65,75,3.09,US,1707874412
431,prince george,53.9166,-122.753,-6.32,90,0,1.03,CA,1707874329
432,tralee,52.2704,-9.7026,10.41,96,98,2.83,IE,1707874072
433,aykhal,66.0,111.5,-34.99,100,100,3.65,RU,1707874073
434,itoman,26.1247,127.6694,22.27,68,20,9.26,JP,1707874413
435,antalaha,-14.9003,50.2788,24.91,92,73,1.79,MG,1707874146
436,port lincoln,-34.7333,135.8667,18.09,49,5,5.21,AU,1707874071
437,saint-doulchard,47.1037,2.352,9.21,88,100,2.87,FR,1707874413
438,waingapu,-9.6567,120.2641,29.18,73,8,2.72,ID,1707874138
439,linden,6.0,-58.3,23.89,93,95,1.4,GY,1707874413
440,mili,6.0815,171.735,27.55,72,100,8.06,MH,1707874104
441,yazman,29.1212,71.7446,12.83,23,0,2.74,PK,1707874413
442,riosucio,5.4216,-75.7032,17.78,91,100,0.51,CO,1707874413
443,qina,26.1642,32.7267,15.43,38,38,2.59,EG,1707874140
444,fauske,67.2588,15.3918,-4.98,77,100,5.77,NO,1707874413
445,dunedin,-45.8742,170.5036,27.26,29,0,5.95,NZ,1707874081
446,nova sintra,14.8667,-24.7167,20.18,78,1,6.58,CV,1707874077
447,teguise,29.0605,-13.564,21.12,53,0,4.12,ES,1707874413
448,hanceville,34.0607,-86.7675,6.42,73,0,1.36,US,1707874413
449,verkhniy rohachyk,47.2505,34.338,7.67,79,100,0.49,UA,1707874413
450,piranshahr,36.701,45.1413,5.71,80,89,2.33,IR,1707874413
451,kirishi,59.4471,32.0205,-12.76,87,25,4.23,RU,1707874414
452,bardai,11.65,7.2333,20.26,11,0,4.27,NG,1707874076
453,terrace,54.5163,-128.6035,1.23,74,40,8.23,CA,1707874165
454,puerto baquerizo moreno,-0.9,-89.6,26.84,85,100,5.03,EC,1707874071
455,selfoss,63.9331,-20.9971,-8.31,85,10,3.29,IS,1707874069
456,kerikeri,-35.2268,173.9474,22.89,49,0,3.99,NZ,1707874086
457,beyla,8.6833,-8.6333,23.81,29,2,0.99,GN,1707874414
458,chui,-33.6971,-53.4616,18.11,62,100,3.04,UY,1707874414
459,garoowe,8.4054,48.4845,19.81,94,33,4.91,SO,1707874414
460,tsiombe,-25.3,45.4833,24.17,86,100,6.01,MG,1707874083
461,kabansk,52.0486,106.6528,-15.06,76,75,1.3,RU,1707874414
462,midvagur,62.0511,-7.1939,3.46,81,75,6.17,FO,1707874085
463,khemis miliana,36.261,2.2202,12.0,80,6,1.05,DZ,1707874414
464,dali,25.7,100.1833,10.74,48,13,1.88,CN,1707874270
465,dakhla,23.6848,-15.958,19.59,73,0,2.12,EH,1707874133
466,fayetteville,35.0527,-78.8784,11.12,41,0,3.09,US,1707874203
467,ad dabbah,18.05,30.95,20.3,9,0,3.02,SD,1707873921
468,burang,30.25,81.1667,-12.9,67,99,0.83,CN,1707874155
469,urangan,-25.3,152.9,27.89,84,56,4.02,AU,1707874141
470,dori,14.0354,-0.0345,25.8,8,100,3.97,BF,1707874414
471,sirte,31.2089,16.5887,15.26,75,46,9.05,LY,1707874095
472,sinop,41.7711,34.8709,8.86,76,100,1.05,TR,1707874252
473,puerto lempira,15.2667,-83.7667,25.07,86,99,2.69,HN,1707874089
474,jayapura,-2.5333,140.7,27.66,79,99,1.54,ID,1707874154
475,brookings,44.3114,-96.7984,2.25,83,100,2.06,US,1707874370
476,nizhneudinsk,54.9076,99.0276,-15.83,86,100,2.01,RU,1707874415
477,mahibadhoo,3.7833,72.9667,27.75,79,42,7.53,MV,1707874415
478,oodweyne,9.4092,45.064,19.01,64,7,3.57,SO,1707874415
479,arkhangel'sk,64.5401,40.5433,-32.71,74,20,0.0,RU,1707874132
480,puerto san jose,13.9256,-90.8244,26.38,76,3,1.38,GT,1707874415
481,praia da vitoria,38.7333,-27.0667,14.14,82,20,5.88,PT,1707873861
482,humaita,-7.5061,-63.0208,23.36,97,85,1.18,BR,1707874415
483,egilsstadir,65.2653,-14.3948,-6.05,86,20,3.09,IS,1707874074
484,plettenberg bay,-34.0527,23.3716,18.05,94,12,2.57,ZA,1707874131
485,champerico,14.3,-91.9167,27.04,75,7,1.98,GT,1707874273
486,zapala,-38.8992,-70.0544,20.47,37,100,8.02,AR,1707874415
487,bhawanipatna,19.9,83.1667,20.98,47,100,1.81,IN,1707874415
488,ozark,37.0209,-93.206,8.39,72,3,2.42,US,1707874223
489,ghadamis,30.1337,9.5007,13.43,45,0,1.99,LY,1707874366
490,neiafu,-18.65,-173.9833,29.38,74,100,7.72,TO,1707874274
491,blythe,33.6103,-114.5964,18.25,27,0,2.06,US,1707874271
492,nagqu,31.5,92.0,-6.38,32,98,4.12,CN,1707874241
493,marsabit,2.3284,37.9899,21.45,47,57,7.76,KE,1707874416
494,jinchang,38.4953,102.1739,-3.37,27,100,0.17,CN,1707874157
495,ilha de mocambique,-15.0342,40.7358,25.28,89,100,4.67,MZ,1707874416
496,palangkaraya,-2.2,113.8333,30.09,67,48,1.8,ID,1707874416
497,kralendijk,12.15,-68.2667,26.99,83,0,7.2,BQ,1707874416
498,orkney,-26.9802,26.6727,20.05,47,5,1.64,ZA,1707874416
499,selkirk,50.1436,-96.8845,-1.92,95,100,4.92,CA,1707874082
500,poyang,28.9924,116.6675,17.05,67,0,2.65,CN,1707874416
501,svetlyy,54.675,20.1347,4.09,92,99,3.52,RU,1707874416
502,bubaque,11.2833,-15.8333,26.71,71,100,6.76,GW,1707874102
503,takoradi,4.8845,-1.7554,27.62,90,16,3.14,GH,1707874416
504,yanam,16.7333,82.2167,18.82,93,64,1.17,IN,1707874083
505,upper sandusky,40.8273,-83.2813,3.27,73,17,3.77,US,1707874416
506,al qusayr,34.5091,36.5798,13.24,55,100,3.35,SY,1707874417
507,damghan,36.1683,54.348,8.84,36,100,0.81,IR,1707874417
508,kandi,11.1342,2.9386,24.16,10,0,2.33,BJ,1707874417
509,almeirim,-1.5233,-52.5817,23.5,95,100,1.82,BR,1707874144
510,tofol,5.3248,163.0078,29.88,79,75,6.17,FM,1707874090
511,hami,42.8,93.45,-3.73,37,0,2.83,CN,1707874137
512,mathis,28.0945,-97.828,16.18,67,100,4.76,US,1707874417
513,santiago,-33.4569,-70.6483,26.86,50,0,7.2,CL,1707873921
514,cranbrook,49.4999,-115.7688,-3.09,86,100,1.03,CA,1707874417
515,rijau,11.103,5.2507,24.41,10,1,3.73,NG,1707874417
516,saint-pierre,-21.3393,55.4781,25.82,78,0,3.09,RE,1707874070
517,monrovia,6.3005,-10.7969,25.87,87,1,3.11,LR,1707874160
518,san cristobal,7.7669,-72.225,25.1,70,8,1.0,VE,1707874417
519,funadhoo,6.15,73.2667,27.74,72,27,5.19,MV,1707874417
520,pasni,25.2631,63.471,20.53,73,0,2.71,PK,1707874144
521,daru,-9.0763,143.2092,29.98,70,31,4.74,PG,1707874088
522,severo-yeniseyskiy,60.3725,93.0408,-26.9,99,100,1.79,RU,1707874164
523,salinopolis,-0.6136,-47.3561,25.79,88,100,3.13,BR,1707874083
524,laela,-8.5667,32.05,15.99,94,89,1.09,TZ,1707874417
525,revda,56.801,59.9303,-27.22,96,9,2.64,RU,1707874271
526,choibalsan,48.0667,114.5,-22.65,85,20,2.71,MN,1707874157
527,nanao,37.05,136.9667,15.1,64,94,5.66,JP,1707874418
528,llallagua,-18.4167,-66.6333,6.75,85,95,2.68,BO,1707874418
529,kattivakkam,13.2167,80.3167,25.06,75,66,3.55,IN,1707874418
530,juneau,58.3019,-134.4197,3.0,90,75,1.54,US,1707874063
531,puerto leguizamo,-0.1934,-74.7819,23.42,97,93,1.52,CO,1707874418
532,rawatbhata,24.9333,75.5833,17.44,49,97,1.77,IN,1707874418
533,sept-iles,50.2001,-66.3821,-8.0,67,20,4.63,CA,1707874148
534,querecotillo,-4.8378,-80.6456,30.51,52,81,4.92,PE,1707874418
535,aranda de duero,41.6704,-3.6892,8.87,95,89,1.28,ES,1707874103
536,florida,28.7505,-82.5001,13.33,87,0,0.0,US,1707873840
537,paramonga,-10.6667,-77.8333,24.92,80,90,3.49,PE,1707874418
538,kingsland,30.8,-81.6898,13.29,84,100,1.58,US,1707874219
539,manaure,11.7751,-72.4445,26.8,76,91,6.95,CO,1707874418
540,colusa,39.2143,-122.0094,16.01,72,100,1.65,US,1707874418
541,nuuk,64.1835,-51.7216,-11.66,79,1,9.77,GL,1707874080
542,raduzhny,62.0961,77.475,-31.43,95,100,6.23,RU,1707874418
543,haimen,23.1935,116.6142,17.94,74,2,2.82,CN,1707874419
544,port pirie,-33.1833,138.0167,22.27,32,0,5.12,AU,1707874126
545,singkil,-7.9855,111.4161,28.97,75,50,1.17,ID,1707874419
546,rucar,45.4,25.1667,1.36,93,100,2.54,RO,1707874419
547,marang,5.2056,103.2059,27.95,82,57,3.55,MY,1707874419
548,kintampo,8.0563,-1.7306,28.88,38,0,1.75,GH,1707874419
549,nsanje,-16.92,35.262,19.88,96,5,0.26,MW,1707874419
550,teykovo,56.858,40.5369,-22.19,100,65,2.43,RU,1707874419
551,araucaria,-25.5931,-49.4103,23.29,99,100,0.49,BR,1707874319
552,mabaruma,8.2,-59.7833,22.92,98,98,1.2,GY,1707874363
553,lichuan,30.3,108.85,10.7,81,95,1.52,CN,1707874419
554,serhetabat,35.2799,62.3438,10.93,25,0,3.2,TM,1707874419
555,thiruthani,13.1833,79.6333,24.23,83,63,2.03,IN,1707874419
556,el dorado,38.7666,-120.5177,9.6,80,100,0.21,US,1707874419
557,plattsburgh,44.6995,-73.4529,0.16,69,100,1.54,US,1707874352
558,berbera,10.4396,45.0143,25.54,84,9,1.56,SO,1707874132
559,nuku'alofa,-21.1333,-175.2,29.19,84,75,7.2,TO,1707874345
560,oppdal,62.5943,9.6912,-8.91,78,60,4.3,NO,1707874420
561,madalena,41.2162,-8.3345,16.32,98,100,1.12,PT,1707874245
562,nushki,29.5542,66.0215,11.41,32,0,1.06,PK,1707874420
563,edson,53.5835,-116.4356,-3.92,74,100,2.57,CA,1707874420
564,sahab,31.8721,36.005,11.35,71,40,6.17,JO,1707874420
565,bugiri,0.5714,33.7417,20.0,88,33,1.54,UG,1707874420
566,lanark,55.6737,-3.7817,3.3,95,100,1.45,GB,1707874420
567,kalemie,-5.9475,29.1947,21.89,84,98,1.32,CD,1707874420
568,rupea,46.0333,25.2167,3.27,96,100,3.55,RO,1707874420
569,el granada,37.5027,-122.4694,14.47,77,0,3.6,US,1707874090
570,tarakan,3.3,117.6333,27.72,78,40,3.6,ID,1707874420
571,barakani,-12.1356,44.4317,27.27,82,26,3.56,KM,1707874420
572,parun,35.4207,70.9221,-7.68,44,0,5.05,AF,1707874420
573,jalai nur,49.45,117.7,-16.65,76,27,4.06,CN,1707874421
574,tezu,27.9167,96.1667,16.01,49,15,1.83,IN,1707874103
575,price,39.5994,-110.8107,3.4,64,0,1.54,US,1707874421
576,surkhpur,32.7161,74.4461,10.17,84,0,1.4,PK,1707874421
577,kilkis,40.9919,22.8708,10.16,75,76,6.9,GR,1707874421
578,kapit,2.0167,112.9333,28.84,76,55,0.81,MY,1707874366
579,chamical,-30.36,-66.314,22.31,50,1,5.49,AR,1707874273
